{"cameraMode":{"drawMode":0,"name":"Shaded","section":"Shading Mode"},"sceneLighting":true,"audioPlay":false,"sceneViewState":{"m_AlwaysRefresh":false,"showFog":true,"showSkybox":true,"showFlares":true,"showImageEffects":true,"showParticleSystems":true,"showVisualEffectGraphs":true,"m_FxEnabled":true},"in2DMode":false,"pivot":{"x":-1.930246353149414,"y":3.873920202255249,"z":-17.751089096069337},"rotation":{"x":-0.07972506433725357,"y":0.0038975088391453029,"z":-0.0003138566971756518,"w":-0.996816098690033},"size":1.2507133483886719,"orthographic":false}