{"cameraMode":{"drawMode":0,"name":"Shaded","section":"Shading Mode"},"sceneLighting":true,"audioPlay":false,"sceneViewState":{"m_AlwaysRefresh":false,"showFog":false,"showSkybox":false,"showFlares":false,"showImageEffects":true,"showParticleSystems":true,"showVisualEffectGraphs":true,"m_FxEnabled":true},"in2DMode":false,"pivot":{"x":0.2352585643529892,"y":1.1456525325775147,"z":-0.258228063583374},"rotation":{"x":-0.03479641675949097,"y":0.02008519135415554,"z":-0.0006956292199902237,"w":-0.9991981983184815},"size":0.9067118763923645,"orthographic":false}