{"cameraMode":{"drawMode":0,"name":"Shaded","section":"Shading Mode"},"sceneLighting":true,"audioPlay":false,"sceneViewState":{"m_AlwaysRefresh":false,"showFog":true,"showSkybox":true,"showFlares":true,"showImageEffects":true,"showParticleSystems":true,"showVisualEffectGraphs":true,"m_FxEnabled":true},"in2DMode":false,"pivot":{"x":-12.94588565826416,"y":11.334980964660645,"z":-12.741779327392579},"rotation":{"x":-0.07064570486545563,"y":-0.3895731568336487,"z":0.029967479407787324,"w":-0.917833685874939},"size":1.5693985223770142,"orthographic":false}